id,label
145,0.49377116560935974
211,0.4938117265701294
162,0.49395111203193665
200,0.49411672353744507
210,0.49430781602859497
224,0.49387288093566895
213,0.4938798248767853
109,0.4940430521965027
15,0.494150847196579
167,0.49402788281440735
