id,label
109,0.47143641114234924
145,0.4347507953643799
15,0.4332812428474426
162,0.4681059718132019
167,0.46973222494125366
200,0.4537959694862366
210,0.48839271068573
211,0.4720157980918884
213,0.4550423324108124
224,0.47847774624824524
